{
    "Arenas Multicines 3D": {
        "x": 2.1492547843193073,
        "y": 41.37646939337358
    },

    "Aribau Multicines": {
        "x": 41.386277920277706,
        "y":  2.162694921760187
    }, 

    "Bosque Multicines": {
        "x": 2.1518885468259557,
        "y": 41.401521141304926
    },

    "Cinema Comedia": {
        "x": 2.1675852046767448,
        "y": 41.38960330077992
    },

    "Cinemes Girona": {
        "x": 2.1645598733643348,
        "y": 41.39966027433518
    },

    "Cines Verdi Barcelona": {
        "x": 2.1569082116829934, 
        "y": 41.40415457993846
    },

    "Cinesa Diagonal 3D": {
        "x": 2.1362338852834113, 
        "y": 41.393820278366256
    },

    "Cinesa Diagonal Mar 18": {
        "x": 2.2165112520703834,
        "y": 41.41038995560875
    },

    "Cinesa La Maquinista 3D": {
        "x": 2.198351242325446,
        "y": 41.439599242032735
    },

    "Cinesa SOM Multiespai": {
        "x":2.1807989925693656,
        "y": 41.435483866264974 
    },

    "Glòries Multicines": {
        "x": 2.1926361001670647,
        "y": 41.40580598426224
    },

    "Gran Sarrià Multicines": {
        "x": 2.1340071926598903,
        "y": 41.39498512702421
    },

    "Maldá Arts Forum": {
        "x": 2.173917798428675,
        "y": 41.3832600699012
    },

    "Renoir Floridablanca": {
        "x": 2.162505363014305,
        "y": 41.381773404049355
    },

    "Sala Phenomena Experience": {
        "x": 2.171797398165092,
        "y": 41.40909876614961
    },

    "Yelmo Cines Icaria 3D": {
        "x": 2.198168960433586,
        "y": 41.39094506004838
    },

    "Boliche Cinemes": {
        "x": 2.1536373359852115,
        "y": 41.395331636035905
    },
    
    "Zumzeig Cinema": {
        "x": 2.145234833133575,
        "y": 41.377530212926565
    },

    "Balmes Multicines" : {
        "x": 2.138635645269617,
        "y": 41.40723455196959
    }

}